No. Tiket,Stasiun,Jadwal,Peron,Nama
TKT-001,Surabaya,2025-06-13 08:30,Peron 5,AJ_Cook
TKT-002,Malang,2025-06-13 20:00,Peron 10,AJ_Lamas
TKT-003,Bandung,2025-06-13 16:30,Peron 6,Aaron_Eckhart
TKT-004,Bandung,2025-06-13 07:45,Peron 4,Aaron_Guiel
TKT-005,Blitar,2025-06-13 08:15,Peron 6,Aaron_Patterson
TKT-006,Semarang,2025-06-13 08:30,Peron 2,Aaron_Peirsol
TKT-007,Surabaya,2025-06-13 17:15,Peron 6,Aaron_Pena
TKT-008,Solo Balapan,2025-06-13 18:30,Peron 5,Aaron_Sorkin
TKT-009,Purwokerto,2025-06-13 15:00,Peron 9,Aaron_Tippin
TKT-010,Solo Balapan,2025-06-13 22:45,Peron 6,Abba_Eban
TKT-011,Solo Balapan,2025-06-13 18:30,Peron 7,Abbas_Kiarostami
TKT-012,Cirebon,2025-06-13 16:15,Peron 8,Abdel_Aziz_Al-Hakim
TKT-013,Surabaya,2025-06-13 22:45,Peron 10,Abdel_Madi_Shabneh
TKT-014,Surabaya,2025-06-13 06:15,Peron 10,Abdel_Nasser_Assidi
TKT-015,Yogyakarta,2025-06-13 13:00,Peron 4,Abdoulaye_Wade
TKT-016,Gambir,2025-06-13 20:30,Peron 5,Abdul_Majeed_Shobokshi
TKT-017,Yogyakarta,2025-06-13 11:15,Peron 3,Abdul_Rahman
TKT-018,Purwokerto,2025-06-13 09:45,Peron 3,Abdulaziz_Kamilov
TKT-019,Bandung,2025-06-13 18:45,Peron 10,Abdullah
TKT-020,Solo Balapan,2025-06-13 12:00,Peron 6,Abdullah_Ahmad_Badawi
TKT-021,Gambir,2025-06-13 17:30,Peron 1,Abdullah_Gul
TKT-022,Cirebon,2025-06-13 11:45,Peron 5,Abdullah_Nasseef
TKT-023,Purwokerto,2025-06-13 09:00,Peron 3,Abdullah_al-Attiyah
TKT-024,Gambir,2025-06-13 17:15,Peron 3,Abdullatif_Sener
TKT-025,Purwokerto,2025-06-13 05:00,Peron 3,Abel_Aguilar
TKT-026,Semarang,2025-06-13 22:15,Peron 5,Abel_Pacheco
TKT-027,Cirebon,2025-06-13 18:45,Peron 1,Abid_Hamid_Mahmud_Al-Tikriti
TKT-028,Cirebon,2025-06-13 18:45,Peron 3,Abner_Martinez
TKT-029,Purwokerto,2025-06-13 09:15,Peron 1,Abraham_Foxman
TKT-030,Semarang,2025-06-13 09:00,Peron 2,Aby_Har-Even
TKT-031,Purwokerto,2025-06-13 17:00,Peron 10,Adam_Ant
TKT-032,Surabaya,2025-06-13 07:15,Peron 10,Adam_Freier
TKT-033,Blitar,2025-06-13 14:15,Peron 8,Adam_Herbert
TKT-034,Solo Balapan,2025-06-13 15:45,Peron 9,Adam_Kennedy
TKT-035,Yogyakarta,2025-06-13 21:00,Peron 3,Adam_Mair
TKT-036,Malang,2025-06-13 13:30,Peron 5,Adam_Rich
TKT-037,Blitar,2025-06-13 17:15,Peron 10,Adam_Sandler
TKT-038,Blitar,2025-06-13 05:45,Peron 4,Adam_Scott
TKT-039,Cirebon,2025-06-13 15:45,Peron 3,Adel_Al-Jubeir
TKT-040,Semarang,2025-06-13 22:15,Peron 9,Adelina_Avila
TKT-041,Gambir,2025-06-13 10:30,Peron 4,Adisai_Bodharamik
TKT-042,Surabaya,2025-06-13 10:15,Peron 1,Adolfo_Aguilar_Zinser
TKT-043,Bandung,2025-06-13 16:15,Peron 9,Adolfo_Rodriguez_Saa
TKT-044,Bandung,2025-06-13 14:45,Peron 9,Adoor_Gopalakarishnan
TKT-045,Gambir,2025-06-13 18:00,Peron 1,Adrian_Annus
TKT-046,Malang,2025-06-13 16:00,Peron 10,Adrian_Fernandez
TKT-047,Malang,2025-06-13 06:15,Peron 6,Adrian_McPherson
TKT-048,Blitar,2025-06-13 19:45,Peron 6,Adrian_Murrell
TKT-049,Yogyakarta,2025-06-13 18:45,Peron 1,Adrian_Nastase
TKT-050,Malang,2025-06-13 21:15,Peron 8,Adriana_Lima
TKT-051,Malang,2025-06-13 10:00,Peron 2,Adriana_Perez_Navarro
TKT-052,Malang,2025-06-13 07:45,Peron 5,Adrianna_Zuzic
TKT-053,Gambir,2025-06-13 06:45,Peron 2,Adrien_Brody
TKT-054,Cirebon,2025-06-13 07:30,Peron 1,Afton_Smith
TKT-055,Gambir,2025-06-13 10:45,Peron 4,Agbani_Darego
TKT-056,Surabaya,2025-06-13 20:30,Peron 10,Agnelo_Queiroz
TKT-057,Malang,2025-06-13 17:00,Peron 5,Agnes_Bruckner
TKT-058,Gambir,2025-06-13 19:00,Peron 8,Ahmad_Jbarah
TKT-059,Bandung,2025-06-13 14:45,Peron 8,Ahmad_Masood
TKT-060,Purwokerto,2025-06-13 18:00,Peron 2,Ahmed_Ahmed
TKT-061,Yogyakarta,2025-06-13 17:30,Peron 8,Ahmed_Chalabi
TKT-062,Purwokerto,2025-06-13 22:45,Peron 10,Ahmed_Ghazi
TKT-063,Cirebon,2025-06-13 22:15,Peron 1,Ahmed_Ibrahim_Bilal
TKT-064,Cirebon,2025-06-13 13:30,Peron 7,Ahmed_Lopez
TKT-065,Cirebon,2025-06-13 09:00,Peron 6,Ahmed_Qureia
TKT-066,Yogyakarta,2025-06-13 14:45,Peron 8,Ahmet_Demir
TKT-067,Cirebon,2025-06-13 12:00,Peron 9,Ahmet_Necdet_Sezer
TKT-068,Malang,2025-06-13 06:00,Peron 2,Ai_Sugiyama
TKT-069,Malang,2025-06-13 06:45,Peron 3,Aicha_El_Ouafi
TKT-070,Purwokerto,2025-06-13 21:15,Peron 9,Aidan_Quinn
TKT-071,Malang,2025-06-13 07:00,Peron 10,Aidil_Fajri
TKT-072,Blitar,2025-06-13 12:30,Peron 6,Aileen_Riggin_Soule
TKT-073,Yogyakarta,2025-06-13 20:45,Peron 9,Ain_Seppik
TKT-074,Solo Balapan,2025-06-13 12:00,Peron 6,Ainsworth_Dyer
TKT-075,Bandung,2025-06-13 19:45,Peron 9,Aishwarya_Rai
TKT-076,Semarang,2025-06-13 08:15,Peron 3,Aitor_Gonzalez
TKT-077,Cirebon,2025-06-13 12:45,Peron 7,Aiysha_Smith
TKT-078,Bandung,2025-06-13 14:45,Peron 3,Ajit_Agarkar
TKT-079,Blitar,2025-06-13 14:00,Peron 8,Akbar_Al_Baker
TKT-080,Cirebon,2025-06-13 22:30,Peron 5,Akbar_Hashemi_Rafsanjani
TKT-081,Yogyakarta,2025-06-13 14:30,Peron 6,Akhmed_Zakayev
TKT-082,Purwokerto,2025-06-13 22:00,Peron 5,Akiko_Morigami
TKT-083,Malang,2025-06-13 06:15,Peron 2,Akmal_Taher
TKT-084,Malang,2025-06-13 17:30,Peron 5,Al_Cardenas
TKT-085,Bandung,2025-06-13 07:00,Peron 9,Al_Davis
TKT-086,Cirebon,2025-06-13 18:15,Peron 2,Al_Gore
TKT-087,Yogyakarta,2025-06-13 05:15,Peron 9,Al_Leiter
TKT-088,Surabaya,2025-06-13 16:15,Peron 7,Al_Pacino
TKT-089,Blitar,2025-06-13 18:00,Peron 7,Al_Sharpton
TKT-090,Blitar,2025-06-13 07:00,Peron 4,Alain_Cervantes
TKT-091,Blitar,2025-06-13 19:00,Peron 1,Alain_Ducasse
TKT-092,Semarang,2025-06-13 06:00,Peron 4,Alan_Ball
TKT-093,Cirebon,2025-06-13 06:15,Peron 2,Alan_Dershowitz
TKT-094,Blitar,2025-06-13 18:45,Peron 5,Alan_Dreher
TKT-095,Yogyakarta,2025-06-13 06:00,Peron 1,Alan_Greenspan
TKT-096,Purwokerto,2025-06-13 13:30,Peron 3,Alan_Greer
TKT-097,Blitar,2025-06-13 09:45,Peron 6,Alan_Jackson
TKT-098,Solo Balapan,2025-06-13 15:30,Peron 7,Alan_Mulally
TKT-099,Yogyakarta,2025-06-13 15:45,Peron 7,Alan_Stonecipher
TKT-100,Solo Balapan,2025-06-13 16:30,Peron 10,Alan_Tang_Kwong-wing
TKT-101,Solo Balapan,2025-06-13 17:30,Peron 3,Alan_Trammell
TKT-102,Malang,2025-06-13 19:30,Peron 1,BJ_Habibie
TKT-103,Purwokerto,2025-06-13 12:45,Peron 7,Bill_Readdy
TKT-104,Yogyakarta,2025-06-13 18:45,Peron 6,Bill_Richardson
TKT-105,Surabaya,2025-06-13 13:00,Peron 6,Bill_Self
TKT-106,Surabaya,2025-06-13 18:15,Peron 2,Bill_Simon
TKT-107,Solo Balapan,2025-06-13 10:30,Peron 8,Bill_Sizemore
TKT-108,Gambir,2025-06-13 06:30,Peron 5,Bill_Stapleton
TKT-109,Solo Balapan,2025-06-13 14:15,Peron 3,Bill_Stein
TKT-110,Blitar,2025-06-13 10:00,Peron 3,Bill_Walton
TKT-111,Blitar,2025-06-13 06:30,Peron 3,Billy_Andrade
TKT-112,Yogyakarta,2025-06-13 07:15,Peron 8,Billy_Beane
TKT-113,Surabaya,2025-06-13 12:45,Peron 5,Billy_Bob_Thornton
TKT-114,Bandung,2025-06-13 15:30,Peron 8,Billy_Boyd
TKT-115,Cirebon,2025-06-13 05:00,Peron 7,Billy_Crawford
TKT-116,Purwokerto,2025-06-13 19:45,Peron 5,Billy_Crystal
TKT-117,Bandung,2025-06-13 09:15,Peron 4,Billy_Donovan
TKT-118,Bandung,2025-06-13 09:30,Peron 2,Billy_Edelin
TKT-119,Bandung,2025-06-13 05:30,Peron 2,Billy_Gilman
TKT-120,Semarang,2025-06-13 22:30,Peron 4,Billy_Graham
TKT-121,Bandung,2025-06-13 14:15,Peron 10,Billy_Joel
TKT-122,Surabaya,2025-06-13 22:30,Peron 9,Billy_Rork
TKT-123,Bandung,2025-06-13 11:00,Peron 10,Billy_Sollie
TKT-124,Cirebon,2025-06-13 08:30,Peron 10,Billy_Tibbets
TKT-125,Blitar,2025-06-13 18:15,Peron 5,Bing_Crosby
TKT-126,Blitar,2025-06-13 17:15,Peron 1,Binyamin_Ben-Eliezer
TKT-127,Purwokerto,2025-06-13 09:45,Peron 5,Bison_Dele
TKT-128,Cirebon,2025-06-13 20:00,Peron 9,Bixente_LIzarazu
TKT-129,Semarang,2025-06-13 11:00,Peron 2,Blas_Ople
TKT-130,Surabaya,2025-06-13 07:00,Peron 7,Blythe_Danner
TKT-131,Purwokerto,2025-06-13 13:45,Peron 1,Blythe_Hartley
TKT-132,Malang,2025-06-13 07:00,Peron 3,Bo_Pelini
TKT-133,Blitar,2025-06-13 11:00,Peron 5,Bo_Ryan
TKT-134,Blitar,2025-06-13 06:15,Peron 5,Bob_Alper
TKT-135,Malang,2025-06-13 11:45,Peron 9,Bob_Beauprez
TKT-136,Gambir,2025-06-13 06:15,Peron 4,Bob_Bowlsby
TKT-137,Cirebon,2025-06-13 10:15,Peron 7,Bob_Cantrell
TKT-138,Gambir,2025-06-13 18:30,Peron 3,Bob_Colvin
TKT-139,Semarang,2025-06-13 15:00,Peron 5,Bob_Crippen
TKT-140,Gambir,2025-06-13 06:00,Peron 9,Bob_Curtis
TKT-141,Gambir,2025-06-13 21:15,Peron 2,Bob_Dole
TKT-142,Cirebon,2025-06-13 18:00,Peron 9,Bob_Eskridge
TKT-143,Solo Balapan,2025-06-13 20:00,Peron 1,Bob_Ferguson
TKT-144,Malang,2025-06-13 21:00,Peron 10,Bob_Geldof
TKT-145,Malang,2025-06-13 07:45,Peron 3,Bob_Goldman
TKT-146,Malang,2025-06-13 11:00,Peron 1,Bob_Graham
TKT-147,Cirebon,2025-06-13 18:00,Peron 1,Bob_Guccione
TKT-148,Gambir,2025-06-13 08:15,Peron 10,Bob_Hartley
TKT-149,Yogyakarta,2025-06-13 10:30,Peron 6,Bob_Hayes
TKT-150,Solo Balapan,2025-06-13 13:30,Peron 1,Bob_Herz
TKT-151,Solo Balapan,2025-06-13 18:45,Peron 4,Bob_Holden
TKT-152,Gambir,2025-06-13 17:30,Peron 9,Bob_Hope
TKT-153,Bandung,2025-06-13 22:30,Peron 7,Bob_Huggins
TKT-154,Malang,2025-06-13 17:45,Peron 5,Bob_Iger
TKT-155,Semarang,2025-06-13 18:45,Peron 1,Bob_Krueger
TKT-156,Surabaya,2025-06-13 15:00,Peron 8,Bob_Melvin
TKT-157,Semarang,2025-06-13 10:45,Peron 3,Bob_Menendez
TKT-158,Semarang,2025-06-13 07:30,Peron 4,Bob_Newhart
TKT-159,Yogyakarta,2025-06-13 21:30,Peron 6,Bob_Petrino
TKT-160,Solo Balapan,2025-06-13 20:45,Peron 10,Bob_Riley
TKT-161,Gambir,2025-06-13 13:15,Peron 8,Bob_Stoops
TKT-162,Blitar,2025-06-13 08:30,Peron 1,Bob_Sulkin
TKT-163,Blitar,2025-06-13 05:00,Peron 5,Bob_Taft
TKT-164,Surabaya,2025-06-13 16:45,Peron 8,Bob_Wright
TKT-165,Bandung,2025-06-13 15:45,Peron 2,Bobby_Bowden
TKT-166,Malang,2025-06-13 10:45,Peron 4,Bobby_Goldwater
TKT-167,Gambir,2025-06-13 16:30,Peron 6,Bobby_Jackson
TKT-168,Yogyakarta,2025-06-13 12:45,Peron 4,Bobby_Kielty
TKT-169,Surabaya,2025-06-13 10:30,Peron 7,Bobby_Robson
TKT-170,Cirebon,2025-06-13 13:45,Peron 5,Bobo_Balde
TKT-171,Semarang,2025-06-13 06:30,Peron 6,Bode_Miller
TKT-172,Yogyakarta,2025-06-13 12:30,Peron 7,Bonnie_Fuller
TKT-173,Cirebon,2025-06-13 06:15,Peron 5,Bonnie_Hunt
TKT-174,Semarang,2025-06-13 08:30,Peron 3,Bono
TKT-175,Solo Balapan,2025-06-13 22:00,Peron 1,Boris_Becker
TKT-176,Bandung,2025-06-13 11:45,Peron 3,Boris_Berezovsky
TKT-177,Malang,2025-06-13 08:15,Peron 5,Boris_Henry
TKT-178,Purwokerto,2025-06-13 21:30,Peron 2,Boris_Jordan
TKT-179,Semarang,2025-06-13 10:30,Peron 7,Boris_Trajkovski
TKT-180,Purwokerto,2025-06-13 18:30,Peron 10,Boris_Yeltsin
TKT-181,Purwokerto,2025-06-13 20:30,Peron 5,Boutros_Boutros_Ghali
TKT-182,Bandung,2025-06-13 05:15,Peron 5,Brad_Alexander_Smith
TKT-183,Cirebon,2025-06-13 20:00,Peron 8,Brad_Banks
TKT-184,Surabaya,2025-06-13 17:30,Peron 6,Brad_Brownell
TKT-185,Yogyakarta,2025-06-13 12:30,Peron 7,Brad_Garrett
TKT-186,Gambir,2025-06-13 19:45,Peron 8,Brad_Gushue
TKT-187,Purwokerto,2025-06-13 20:30,Peron 3,Brad_Johnson
TKT-188,Yogyakarta,2025-06-13 16:00,Peron 6,Brad_Miller
TKT-189,Bandung,2025-06-13 08:45,Peron 8,Brad_Pitt
TKT-190,Bandung,2025-06-13 12:15,Peron 1,Brad_Russ
TKT-191,Surabaya,2025-06-13 21:00,Peron 1,Brad_Smith
TKT-192,Gambir,2025-06-13 22:30,Peron 6,Brad_Wilk
TKT-193,Semarang,2025-06-13 19:15,Peron 6,Brady_Rodgers
TKT-194,Purwokerto,2025-06-13 22:45,Peron 8,Brajesh_Mishra
TKT-195,Gambir,2025-06-13 13:30,Peron 2,Brandon_Boyd
TKT-196,Semarang,2025-06-13 19:45,Peron 10,Brandon_Fails
TKT-197,Yogyakarta,2025-06-13 16:30,Peron 6,Brandon_Hammond
TKT-198,Surabaya,2025-06-13 05:45,Peron 4,Brandon_Inge
TKT-199,Solo Balapan,2025-06-13 06:30,Peron 7,Brandon_Jones
TKT-200,Yogyakarta,2025-06-13 11:00,Peron 9,Brandon_Knight
TKT-201,Yogyakarta,2025-06-13 10:30,Peron 9,Brandon_Larson
TKT-202,Bandung,2025-06-13 10:30,Peron 10,Brandon_Lloyd
TKT-203,Bandung,2025-06-13 17:15,Peron 6,Brandon_Robinson
TKT-204,Solo Balapan,2025-06-13 08:30,Peron 1,Brandon_Spann
TKT-205,Yogyakarta,2025-06-13 18:45,Peron 10,Brandon_Webb
TKT-206,Semarang,2025-06-13 16:30,Peron 1,Branko_Crvenkovski
TKT-207,Malang,2025-06-13 06:45,Peron 8,Brawley_King
TKT-208,Purwokerto,2025-06-13 09:15,Peron 7,Brenda_Magana
TKT-209,Malang,2025-06-13 13:00,Peron 6,Brenda_Wilson
TKT-210,Blitar,2025-06-13 14:30,Peron 4,Brenda_van_Dam
TKT-211,Purwokerto,2025-06-13 17:45,Peron 2,Brendan_Fraser
TKT-212,Blitar,2025-06-13 21:45,Peron 10,Brendan_Gaughan
TKT-213,Purwokerto,2025-06-13 15:30,Peron 1,Brendan_Hansen
TKT-214,Yogyakarta,2025-06-13 05:30,Peron 7,Brendan_Stai
TKT-215,Surabaya,2025-06-13 05:00,Peron 8,Brennon_Leighton
TKT-216,Purwokerto,2025-06-13 14:15,Peron 2,Brent_Coles
TKT-217,Malang,2025-06-13 10:15,Peron 9,Brett_Boone
TKT-218,Cirebon,2025-06-13 16:45,Peron 2,Brett_Hawke
TKT-219,Gambir,2025-06-13 14:15,Peron 8,Brett_Hull
TKT-220,Semarang,2025-06-13 05:00,Peron 9,Brett_Perry
TKT-221,Solo Balapan,2025-06-13 10:30,Peron 2,Brian_Billick
TKT-222,Yogyakarta,2025-06-13 19:45,Peron 1,Brian_Campbell
TKT-223,Semarang,2025-06-13 22:30,Peron 9,Brian_Cashman
TKT-224,Purwokerto,2025-06-13 07:45,Peron 8,Brian_Clemens
TKT-225,Cirebon,2025-06-13 15:30,Peron 10,Brian_Cook
TKT-226,Yogyakarta,2025-06-13 14:00,Peron 4,Brian_Cowen
TKT-227,Solo Balapan,2025-06-13 13:30,Peron 7,Brian_De_Palma
TKT-228,Yogyakarta,2025-06-13 11:00,Peron 2,Brian_Florence
TKT-229,Solo Balapan,2025-06-13 09:15,Peron 6,Brian_Grazier
TKT-230,Solo Balapan,2025-06-13 07:00,Peron 9,Brian_Gregory
TKT-231,Cirebon,2025-06-13 21:45,Peron 2,Brian_Griese
TKT-232,Semarang,2025-06-13 06:15,Peron 3,Brian_Heidik
TKT-233,Malang,2025-06-13 08:30,Peron 9,Brian_Henson
TKT-234,Bandung,2025-06-13 08:45,Peron 4,Brian_Jordan
TKT-235,Semarang,2025-06-13 12:30,Peron 10,Brian_Kerr
TKT-236,Semarang,2025-06-13 17:30,Peron 3,Brian_Lara
TKT-237,Cirebon,2025-06-13 17:45,Peron 2,Brian_McIntyre
TKT-238,Blitar,2025-06-13 08:30,Peron 7,Brian_Meadors
TKT-239,Semarang,2025-06-13 22:30,Peron 9,Brian_Mulroney
TKT-240,Solo Balapan,2025-06-13 09:30,Peron 3,Brian_Olson
TKT-241,Blitar,2025-06-13 13:30,Peron 9,Brian_Pavlich
TKT-242,Bandung,2025-06-13 09:30,Peron 1,Brian_Scalabrine
TKT-243,Yogyakarta,2025-06-13 06:45,Peron 6,Brian_Schneider
TKT-244,Malang,2025-06-13 18:00,Peron 1,Brian_StPierre
TKT-245,Gambir,2025-06-13 15:00,Peron 3,Brian_Van_Dusen
TKT-246,Solo Balapan,2025-06-13 14:15,Peron 4,Brian_Weaver
TKT-247,Yogyakarta,2025-06-13 19:45,Peron 10,Brian_Wells
TKT-248,Bandung,2025-06-13 08:00,Peron 7,Brian_Williams
TKT-249,Solo Balapan,2025-06-13 22:15,Peron 2,Bridget_Fonda
TKT-250,Bandung,2025-06-13 10:45,Peron 2,Bridgette_Wilson-Sampras
TKT-251,Bandung,2025-06-13 21:30,Peron 8,Brigitte_Boisselier
TKT-252,Malang,2025-06-13 15:00,Peron 7,Britney_Spears
TKT-253,Yogyakarta,2025-06-13 16:45,Peron 6,Brittany_Snow
TKT-254,Cirebon,2025-06-13 17:00,Peron 8,Brock_Berlin
TKT-255,Malang,2025-06-13 10:00,Peron 8,Bronson_Arroyo
TKT-256,Surabaya,2025-06-13 17:30,Peron 6,Brook_Robinson
TKT-257,Semarang,2025-06-13 06:30,Peron 4,Brooke_Adams
TKT-258,Bandung,2025-06-13 22:45,Peron 2,Brooke_Gordon
TKT-259,Blitar,2025-06-13 18:45,Peron 7,Brooke_Shields
TKT-260,Blitar,2025-06-13 20:15,Peron 2,Bruce_Arena
TKT-261,Malang,2025-06-13 14:45,Peron 2,Bruce_Gebhardt
TKT-262,Blitar,2025-06-13 13:30,Peron 7,Bruce_Lunsford
TKT-263,Bandung,2025-06-13 10:45,Peron 10,Bruce_Paltrow
TKT-264,Blitar,2025-06-13 15:45,Peron 1,Bruce_Springsteen
TKT-265,Malang,2025-06-13 06:15,Peron 1,Bruce_Van_De_Velde
TKT-266,Blitar,2025-06-13 05:45,Peron 10,Bruce_Weber
TKT-267,Surabaya,2025-06-13 15:30,Peron 5,Bruce_Willis
TKT-268,Yogyakarta,2025-06-13 20:00,Peron 5,Bruna_Colosio
TKT-269,Malang,2025-06-13 22:45,Peron 3,Bruno_Junquiera
TKT-270,Cirebon,2025-06-13 07:30,Peron 7,Bryan_Adams
TKT-271,Yogyakarta,2025-06-13 10:45,Peron 1,Bryan_Chui
TKT-272,Semarang,2025-06-13 05:30,Peron 7,Bryan_Cooley
TKT-273,Blitar,2025-06-13 13:30,Peron 6,Bryan_Murray
TKT-274,Surabaya,2025-06-13 20:30,Peron 4,Bryan_Thomas
TKT-275,Cirebon,2025-06-13 19:15,Peron 8,Bryant_Young
TKT-276,Solo Balapan,2025-06-13 15:45,Peron 4,Bryce_Carmine
TKT-277,Malang,2025-06-13 20:45,Peron 7,Buck_Rodgers
TKT-278,Blitar,2025-06-13 05:15,Peron 2,Bud_Selig
TKT-279,Surabaya,2025-06-13 20:30,Peron 1,Budd_Schulberg
TKT-280,Yogyakarta,2025-06-13 19:15,Peron 5,Buddy_Ryan
TKT-281,Solo Balapan,2025-06-13 13:15,Peron 8,Buford_Blount
TKT-282,Yogyakarta,2025-06-13 10:30,Peron 4,Bulent_Ecevit
TKT-283,Blitar,2025-06-13 12:30,Peron 2,Bustam_A_Zedan_Aljanabi
TKT-284,Surabaya,2025-06-13 16:00,Peron 9,Butch_Davis
TKT-285,Solo Balapan,2025-06-13 08:45,Peron 7,Buzz_Hargrove
TKT-286,Gambir,2025-06-13 07:15,Peron 2,Byron_Scott
TKT-287,Semarang,2025-06-13 09:00,Peron 4,Cabas
TKT-288,Bandung,2025-06-13 08:00,Peron 6,Caio_Blat
TKT-289,Bandung,2025-06-13 06:45,Peron 4,Calbert_Cheaney
TKT-290,Bandung,2025-06-13 08:00,Peron 5,Calista_Flockhart
TKT-291,Blitar,2025-06-13 12:45,Peron 6,Calvin_Harrison
TKT-292,Bandung,2025-06-13 12:15,Peron 10,Calvin_Joseph_Coleman
TKT-293,Blitar,2025-06-13 17:30,Peron 2,Cameron_Diaz
TKT-294,Bandung,2025-06-13 18:00,Peron 10,Camilla_Parker_Bowles
TKT-295,Cirebon,2025-06-13 22:45,Peron 9,Camille_Colvin
TKT-296,Semarang,2025-06-13 12:45,Peron 1,Camille_Lewis
TKT-297,Gambir,2025-06-13 09:45,Peron 2,Camryn_Manheim
TKT-298,Cirebon,2025-06-13 08:30,Peron 1,Candace_Sutton
TKT-299,Gambir,2025-06-13 20:45,Peron 10,Candice_Beatty
TKT-300,Bandung,2025-06-13 09:45,Peron 8,Candice_Bergen
TKT-301,Bandung,2025-06-13 10:30,Peron 7,Candie_Kung
TKT-302,Yogyakarta,2025-06-13 21:15,Peron 9,Carey_Lowell
TKT-303,Gambir,2025-06-13 16:15,Peron 3,Cari_Davis
TKT-304,Yogyakarta,2025-06-13 10:45,Peron 4,Carin_Koch
TKT-305,Bandung,2025-06-13 18:30,Peron 2,Carina_Lau_Ka-ling
TKT-306,Yogyakarta,2025-06-13 14:00,Peron 10,Carl_Levin
TKT-307,Cirebon,2025-06-13 15:30,Peron 4,Carl_Pope
TKT-308,Surabaya,2025-06-13 18:15,Peron 7,Carl_Reiner
TKT-309,Yogyakarta,2025-06-13 19:30,Peron 6,Carla_Del_Ponte
TKT-310,Semarang,2025-06-13 18:00,Peron 8,Carla_Gay_Balingit
TKT-311,Solo Balapan,2025-06-13 12:30,Peron 9,Carla_Gugino
TKT-312,Malang,2025-06-13 22:45,Peron 8,Carla_Moreno
TKT-313,Purwokerto,2025-06-13 16:15,Peron 2,Carla_Myers
TKT-314,Surabaya,2025-06-13 22:00,Peron 9,Carla_Sullivan
TKT-315,Yogyakarta,2025-06-13 20:45,Peron 8,Carla_Tricoli
TKT-316,Blitar,2025-06-13 10:00,Peron 2,Carlo_Ancelotti
TKT-317,Solo Balapan,2025-06-13 09:00,Peron 6,Carlo_Azeglio_Ciampi
TKT-318,Cirebon,2025-06-13 19:30,Peron 3,Carlos_Alberto
TKT-319,Cirebon,2025-06-13 14:00,Peron 2,Carlos_Alberto_Parreira
TKT-320,Gambir,2025-06-13 22:45,Peron 3,Carlos_Arroyo
TKT-321,Gambir,2025-06-13 21:45,Peron 10,Carlos_Barra
TKT-322,Blitar,2025-06-13 15:30,Peron 10,Carlos_Barragan
TKT-323,Semarang,2025-06-13 11:15,Peron 7,Carlos_Beltran
TKT-324,Bandung,2025-06-13 14:15,Peron 6,Carlos_Bianchi
TKT-325,Semarang,2025-06-13 22:15,Peron 3,Carlos_De_Abreu
TKT-326,Blitar,2025-06-13 18:15,Peron 1,Carlos_Fasciolo
TKT-327,Gambir,2025-06-13 13:00,Peron 1,Carlos_Ghosn
TKT-328,Gambir,2025-06-13 11:30,Peron 1,Carlos_Iturgaitz
TKT-329,Semarang,2025-06-13 07:45,Peron 2,Carlos_Juarez
TKT-330,Solo Balapan,2025-06-13 21:45,Peron 2,Carlos_Lordkipanitse
TKT-331,Semarang,2025-06-13 16:30,Peron 3,Carlos_Manuel_Pruneda
TKT-332,Yogyakarta,2025-06-13 16:00,Peron 6,Carlos_Menem
TKT-333,Malang,2025-06-13 11:15,Peron 10,Carlos_Mesa
TKT-334,Purwokerto,2025-06-13 14:30,Peron 7,Carlos_Moya
TKT-335,Solo Balapan,2025-06-13 19:30,Peron 6,Carlos_Ortega
TKT-336,Blitar,2025-06-13 22:45,Peron 2,Carlos_Paternina
TKT-337,Surabaya,2025-06-13 06:15,Peron 10,Carlos_Queiroz
TKT-338,Cirebon,2025-06-13 18:30,Peron 10,Carlos_Quintanilla_Schmidt
TKT-339,Purwokerto,2025-06-13 15:45,Peron 1,Carlos_Ruckauf
TKT-340,Blitar,2025-06-13 16:30,Peron 5,Carlos_Ruiz
TKT-341,Solo Balapan,2025-06-13 05:45,Peron 1,Carlos_Salinas
TKT-342,Purwokerto,2025-06-13 12:00,Peron 9,Carlos_Savedra
TKT-343,Bandung,2025-06-13 05:45,Peron 8,Carlos_Vives
TKT-344,Surabaya,2025-06-13 09:30,Peron 10,Carlton_Baugh
TKT-345,Semarang,2025-06-13 21:00,Peron 4,Carlton_Dotson
TKT-346,Purwokerto,2025-06-13 13:30,Peron 2,Carly_Fiorina
TKT-347,Solo Balapan,2025-06-13 14:45,Peron 8,Carly_Gullickson
TKT-348,Solo Balapan,2025-06-13 11:30,Peron 9,Carmen_Electra
TKT-349,Bandung,2025-06-13 21:30,Peron 5,Carol_Burnett
TKT-350,Solo Balapan,2025-06-13 06:15,Peron 1,Carol_Carmody
TKT-351,Blitar,2025-06-13 18:45,Peron 8,Carol_Moseley_Braun
TKT-352,Gambir,2025-06-13 10:00,Peron 4,Carol_Niedermayer
TKT-353,Purwokerto,2025-06-13 19:00,Peron 4,Carol_Williams
TKT-354,Purwokerto,2025-06-13 07:45,Peron 5,Carolina_Barco
TKT-355,Surabaya,2025-06-13 15:00,Peron 10,Carolina_Kluft
TKT-356,Purwokerto,2025-06-13 06:00,Peron 3,Carolina_Moraes
TKT-357,Semarang,2025-06-13 07:00,Peron 10,Caroline_Dhavernas
TKT-358,Malang,2025-06-13 18:00,Peron 5,Caroline_Kennedy
TKT-359,Solo Balapan,2025-06-13 10:30,Peron 1,Caroline_Link
TKT-360,Surabaya,2025-06-13 22:45,Peron 2,Carolyn_Dawn_Johnson
TKT-361,Solo Balapan,2025-06-13 16:15,Peron 7,Carolyn_Kuhl
TKT-362,Bandung,2025-06-13 09:00,Peron 8,Carrie-Anne_Moss
TKT-363,Bandung,2025-06-13 14:45,Peron 2,Carroll_Weimer
TKT-364,Yogyakarta,2025-06-13 08:45,Peron 2,Carson_Daly
TKT-365,Malang,2025-06-13 16:45,Peron 3,Carson_Palmer
TKT-366,Semarang,2025-06-13 22:15,Peron 7,Casey_Crowder
TKT-367,Bandung,2025-06-13 22:30,Peron 4,Casey_Mears
TKT-368,Cirebon,2025-06-13 20:45,Peron 7,Cass_Ballenger
TKT-369,Semarang,2025-06-13 14:30,Peron 5,Cassandra_Heise
TKT-370,Bandung,2025-06-13 09:45,Peron 1,Casy_Preslar
TKT-371,Semarang,2025-06-13 06:15,Peron 1,Cate_Blanchett
TKT-372,Gambir,2025-06-13 08:45,Peron 1,Catherine_Bell
TKT-373,Solo Balapan,2025-06-13 06:15,Peron 4,Catherine_Deneuve
TKT-374,Bandung,2025-06-13 06:15,Peron 3,Catherine_Donkers
TKT-375,Surabaya,2025-06-13 15:45,Peron 5,Catherine_Ndereba
TKT-376,Gambir,2025-06-13 12:00,Peron 2,Catherine_Woodard
TKT-377,Solo Balapan,2025-06-13 16:45,Peron 3,Catherine_Zeta-Jones
TKT-378,Bandung,2025-06-13 16:45,Peron 5,Cathryn_Crawford
TKT-379,Malang,2025-06-13 10:30,Peron 1,Cathy_Chisholm
TKT-380,Gambir,2025-06-13 17:00,Peron 5,Cathy_Cunningham
TKT-381,Solo Balapan,2025-06-13 21:45,Peron 5,Cathy_Freeman
TKT-382,Purwokerto,2025-06-13 08:00,Peron 8,Catriona_Le_May_Doan
TKT-383,Surabaya,2025-06-13 14:30,Peron 1,Cecile_de_France
TKT-384,Blitar,2025-06-13 05:00,Peron 9,Cecilia_Bolocco
TKT-385,Semarang,2025-06-13 10:45,Peron 4,Cecilia_Chang
TKT-386,Malang,2025-06-13 15:15,Peron 8,Cecilia_Cheung
TKT-387,Bandung,2025-06-13 10:45,Peron 2,Cedric_Benson
TKT-388,Semarang,2025-06-13 08:30,Peron 6,Celia_Cruz
TKT-389,Yogyakarta,2025-06-13 13:45,Peron 8,Celine_Dion
TKT-390,Purwokerto,2025-06-13 18:30,Peron 5,Celso_Amorim
TKT-391,Yogyakarta,2025-06-13 07:30,Peron 4,Celso_Lafer
TKT-392,Gambir,2025-06-13 22:15,Peron 10,Cemil_Cicek
TKT-393,Solo Balapan,2025-06-13 18:30,Peron 8,Cesar_Gaviria
TKT-394,Purwokerto,2025-06-13 15:00,Peron 7,Cesar_Maia
TKT-395,Cirebon,2025-06-13 06:30,Peron 10,Cha_Yung-gu
TKT-396,Yogyakarta,2025-06-13 13:15,Peron 7,Chadha_Gurinder
TKT-397,Bandung,2025-06-13 21:30,Peron 7,Chakib_Khelil
TKT-398,Semarang,2025-06-13 22:15,Peron 7,Chan_Choi
TKT-399,Gambir,2025-06-13 16:00,Peron 8,Chan_Gailey
TKT-400,Surabaya,2025-06-13 06:00,Peron 10,Chan_Ho_Park
TKT-401,Cirebon,2025-06-13 22:45,Peron 9,Chance_Mock
TKT-402,Cirebon,2025-06-13 10:30,Peron 1,Chanda_Rubin
TKT-403,Cirebon,2025-06-13 17:15,Peron 7,Chandrika_Kumaratunga
TKT-404,Malang,2025-06-13 06:15,Peron 1,Chang_Dae-whan
TKT-405,Yogyakarta,2025-06-13 12:45,Peron 6,Chang_Jae_On
TKT-406,Bandung,2025-06-13 18:15,Peron 8,Chang_Saio-yue
TKT-407,Surabaya,2025-06-13 13:30,Peron 3,Chang_Sang
TKT-408,Malang,2025-06-13 06:15,Peron 4,Chang_Tso
TKT-409,Purwokerto,2025-06-13 05:30,Peron 6,Chante_Jawan_Mallard
TKT-410,Purwokerto,2025-06-13 18:30,Peron 7,Charla_Moye
TKT-411,Bandung,2025-06-13 11:00,Peron 1,Charlene_Barshefsky
TKT-412,Purwokerto,2025-06-13 07:15,Peron 9,Charles_Bell
TKT-413,Malang,2025-06-13 16:30,Peron 10,Charles_Bronson
TKT-414,Yogyakarta,2025-06-13 17:15,Peron 10,Charles_Chandler_IV
TKT-415,Solo Balapan,2025-06-13 10:30,Peron 1,Charles_Cope
TKT-416,Surabaya,2025-06-13 19:15,Peron 7,Charles_Grassley
TKT-417,Purwokerto,2025-06-13 13:00,Peron 2,Charles_Holzner
TKT-418,Blitar,2025-06-13 19:30,Peron 10,Charles_Ingram
TKT-419,Solo Balapan,2025-06-13 10:00,Peron 1,Charles_Kartman
TKT-420,Purwokerto,2025-06-13 07:30,Peron 7,Charles_Lebois
TKT-421,Malang,2025-06-13 07:45,Peron 4,Charles_Mathews
TKT-422,Blitar,2025-06-13 12:30,Peron 2,Charles_Moose
TKT-423,Blitar,2025-06-13 05:00,Peron 4,Charles_Pickering
TKT-424,Surabaya,2025-06-13 20:45,Peron 1,Charles_Pouty
TKT-425,Malang,2025-06-13 11:00,Peron 3,Charles_Richardson
TKT-426,Bandung,2025-06-13 15:00,Peron 9,Charles_Rogers
TKT-427,Bandung,2025-06-13 21:00,Peron 9,Charles_Schumer
TKT-428,Yogyakarta,2025-06-13 12:30,Peron 4,Charles_Tannok
TKT-429,Malang,2025-06-13 17:45,Peron 1,Charles_Taylor
TKT-430,Purwokerto,2025-06-13 17:00,Peron 6,Charley_Armey
TKT-431,Cirebon,2025-06-13 06:45,Peron 2,Charlie_Coles
TKT-432,Cirebon,2025-06-13 09:45,Peron 10,Charlie_Deane
TKT-433,Solo Balapan,2025-06-13 15:15,Peron 3,Charlie_Garner
TKT-434,Malang,2025-06-13 18:30,Peron 10,Charlie_Hunnam
TKT-435,Bandung,2025-06-13 12:00,Peron 9,Charlie_Sheen
TKT-436,Yogyakarta,2025-06-13 07:15,Peron 5,Charlie_Williams
TKT-437,Yogyakarta,2025-06-13 17:45,Peron 9,Charlie_Zaa
TKT-438,Semarang,2025-06-13 19:15,Peron 9,Charlize_Theron
TKT-439,Bandung,2025-06-13 15:45,Peron 7,Charlotte_Casiraghi
TKT-440,Malang,2025-06-13 21:00,Peron 8,Charlotte_Chambers
TKT-441,Yogyakarta,2025-06-13 19:15,Peron 2,Charlotte_Church
TKT-442,Gambir,2025-06-13 10:15,Peron 10,Charlotte_Rampling
TKT-443,Purwokerto,2025-06-13 07:00,Peron 3,Charlton_Heston
TKT-444,Blitar,2025-06-13 05:45,Peron 8,Charmaine_Crooks
TKT-445,Semarang,2025-06-13 10:30,Peron 8,Chawki_Armali
TKT-446,Cirebon,2025-06-13 12:45,Peron 10,Chea_Sophara
TKT-447,Blitar,2025-06-13 20:00,Peron 8,Chelsea_Clinton
TKT-448,Surabaya,2025-06-13 20:30,Peron 2,Chen_Kaige
TKT-449,Solo Balapan,2025-06-13 20:15,Peron 7,Chen_Liang_Yu
TKT-450,Gambir,2025-06-13 12:30,Peron 5,Chen_Shui-bian
TKT-451,Cirebon,2025-06-13 18:00,Peron 5,Chen_Tsai-chin
TKT-452,Malang,2025-06-13 15:30,Peron 7,Rifki
